file_ID,sequence,length,DSSP,H%,E%,category
metric_4b0fB00_6.pdb,HIGIAAGFGAFLFRSRSAYAPALAARYVSLHAHCLELGKEAADARKLLAHL,51,-HHHHHHHHGGGSS-HHHHHHHHHHHHHHHHHHHHHHHHHHHHHHHHHTT-,80.3921568627451,0.0,Length percentile 0
afm_7K00O_8.pdb,MLSLEMNLSLCLEFGRSPDDFDSMHVQIALRTEQIKRMTGYMNKKPLAVNLATEAFHLENERDILLETLGKLEHECYKRMVEKLGLEN,88,---HHHHHHHHHHHSSSTT-TTSHHHHHHHHHHHHHHHHHHHHH-TT-HHHHHHHHHHHHHHHHHHHHHHHH-HHHHHHHHHHHT---,76.13636363636364,0.0,Length percentile 25
afm_d1u7ba1_2.pdb,MFFAVLPQASILKKMLEDTVPHIPEACWHIYPTGVLLYSADESRQAVYVRGLPASQFHFWYCDRPLAMGVNLDSMYKILLQADNEDEIGLNAEDNADTLDLYFHAPNGVTGQYFTMKLMDLDVEPR,126,-EEEEESSHHHHHHHHHTTTTT-SEEEEEEETTEEEEEEE-TTSS-EEEEEEEGGGSSSEEESS-EEEEEEHHHHHHHHTTS-TTSEEEEEE-TT-SEEEEEEE-TTSS-EEEEEEE---------,13.492063492063492,43.65079365079365,Length percentile 50
afm_3zc0D00_2.pdb,GFEELIKRTEELIEAIAKLSALLDHLRVCSTGSIAAIHAGKVTHADALLEAALALLELVKKYREYPEFYEDLCREAMQELVEAIAFKNAISGNFTFDIDLEVTPAALLNGFAAAVGELRKYALTKLREGDFESARRMLATMVHIHRYLPEARKIRESEYGILSEKVDVMAELVHRTAEAMYAAR,184,-HHHHHHHHHHHHHHHHHHHHHHHHHHHHHHHHHHHHHTT-HHHHHHHHHHHHHHHHHHGGGTT-TTTTHHHHHHHHHHHHHHHHHHHHTTT---S--S--S-HHHHHHHHHHHHHHHHHHHHHHHHTT-HHHHHHHHHHHHHHHHHGGGGGGS-GGGTTTHHHHHHHHHHHHHHHHHHTTTT-,72.82608695652173,0.0,Length percentile 75
afm_d7ehpa__6.pdb,SVSLRHTQVRDDVRLRLKMLEDIAQVMEKAVPGLRVELEGVEDKVNRFEKLPAEMAAGNPPKIFDLFGGTDTAKYVKAGRLLELTPLLIAKGLKDAFPNLQEFTVDGKIYGLPTAYFVEGVFYNKQIFKQLNVDVPRTFEELMAVASRANESGFIPFAFASNDGWVANMMLNTLWVRTAGDDSVPGFVRGTRRWTDPDVAGGFQTYYYLVVRNFLQPGADGLKYAHQQYVFREGKAAMMFDGSWASAALVDAGKTKIAEDIGFFSFPDVGGKGDGMINGGYSNGYGFSASLDEQELAAAVVFIGWMYSEEMQKRQLKESGILPAMKLSDLSGVHPVIREMIQASELRQFPAFDSIVQAKVRETLEMCMQELILGKMTPEQVLDKMQKVQEDANRDMK,397,-EEEEE----GGGHHHHHHHHHHHHHHHHHSTT--EEEEE--HHHIIIIIHHHHHHTT---SEEEEETTHHHHHHHHTT-B---HHHHHHTT-GGGSS--GGGEETTEE-EEESB-EEEEEEEEHHHHHHHT-----BHHHHHHHHHHHHHTTSEEEE---SSGGGGHHHHHHHHHHHH-TTHHHHHHTTSS-TTSHHHHHHHHHHHHHHHTTSS-TTGGG--HHHHHHHHHTT-EEEEEEEGGGHHHHS-TTT-S-TTSEEEE---B-SSSSTTEEEEES-EEEEEBS---HHHHHHHHHHHHHHSSHHHHHHHHHHH---BSS--S---S--HHHHHHHHHTTSEEE--GGGTS-HHHHHHHHHHHHHHHTTSS-HHHHHHHHHHHHHHHHHTT-,43.32493702770781,14.609571788413097,Length percentile 100
afm_1z08C00_6.pdb,PYYFKVVLLGPPICGKTSLVLRYCENKFNDNPIDTSGASSLQVTLNICGKPVFLEIWDTAGGHCFKNLGPIYYKDSNGAILVYDGTIPTSFYEVLNWVKELRKVLGPQICLCMVINKMDLYHARHVPPTRFFEYSESVGAMGYNVNAKQNINIEALFNDLCCNMI,165,-EEEEEEEE--TTS-HHHHHHHHHTS----S----S-EEEEEEEEEETTEEEEEEEEEE--GGGGGGTGGGGTTT-SEEEEEEETT-HHHHHHHHHHHHHHHHHT-TTSEEEEEEE-GGGGGG--S-HHHHHHHHHHTT-EEEE-BTTTTBSHHHHHHHHHHTT-,27.878787878787882,27.878787878787882,Low alpha helix
metric_4gytA00_3.pdb,SLHLPKYEDFRKSIRHLSLPMTVAELHGIMCGYLCAGDITGGLAYIDQLMIGNATPESLNGLLSMPSVFSISQQQMNNPDFEFEMLLPDDDASLSERARALIVWVEGFTQGLTIAGWGMSRLMHPFAQAALKFLMHLAQLDPLDTPKGPHGEVALTHLSHFTRLAVEMLHHEMRARG,177,------HHHHHHTTGGGT-SS-HHHHHHHHHHHHHHT-HHHHHHHHHHTTTT--SHHHHHHHHHHHHHHHHHHHHHT-TTS--------TTS-HHHHHHHHHHHHHHHHHHHHHHT-SGGG--SHHHHHHHHHHHHHTTS-GGG---SHHHHHHHHHHHHHHHHHHHHHHHHHHH--,63.84180790960452,0.0,Medium alpha helix
afm_4i17A00_2.pdb,TDPKVLKALGLEALDHKNYRVAYGYYSEYLKLTDYSDAVTNYNCGVCADNIGRSDEAAMYFKRAIALNWNIANAAIGVAAAYCKQLNTTEYIGTLNAALLNVPGNATIEKLLAIAYLKQGNRAQAAGDIATAEHNYNKACQVSSKKWQTDALYSLGVLFYNNGAEILAAATPMARKDKAVYAAHVATAKAAFAKALEALQRAVSLSPNRTEIKQMIDQVNAMF,223,--HHHHHHHHHHHHTTT-HHHHHHHHHHHHHHTTT--HHHHHHHHHHHHHTT-HHHHHHHHHHHHHTTSSHHHHHHHHHHHHHHTT-HHHHHHHHHHHHHHSTT-HHHHHHHHHHHHHHHHHHHHTT-HHHHHHHHHHHT-SS-HHHHHHHHHHHHHHHHHHHHHHHHHHHHHTTT-HHHHHHHHHHHHHHHHHHHHHHHHHHHH-TT-HHHHHHHHHHHTT-,80.26905829596413,0.0,High alpha helix
afm_d3o07a__6.pdb,LKGGVIMDVVTPYQALLAELSGACAVMALESIPADMRKSGKVCTMSNPYMIQEIMKAVSIPVMAKVRIGNFLEAKLLEKLEVDYIDESEVLTPADWTRHIPKHKFKVPFVCGAKDLGEALCRISEGAAMIRTKGEAGTKDSREAVKHIHRIQEEIYACAQLKHPEEIRKVAAEMNIPPSLLKDVLEKGKLPVVNFAAGGVATPWDAAELMRAGCDGVFVGSGIFKSSNPARLATAVVEATTHLYDPQAIAEVSSDLGEL,259,-TTSEEEEESSHHHHHHHHHHT-SEEEE-SS-HHHHGGGT-------HHHHHHHHTT-SS-EEEEE-TT-HHHHHHHHTTT-SEEEE-TTS--S-SS----GGG-SS-EEEE-SSHHHHHHHHHTT-SEEE----SSS--THHHHHHHHHHHHHHHHHTT--SHHHHHHHHHHTTS-HHHHHHHHHHTS-SS-EEB-SS--SHHHHHHHHHTT-S-EEE-GGGTSSS-HHHHHHHHHHHHH-TT-HHHHHHHTSS----,40.54054054054054,11.583011583011583,Low beta sheet
metric_1c4kA04_0.pdb,PWAIDDYMRAVEWLFTDRYQPELVITEGIAWGFFLAGAYDIVLAEHALGRIVVVFIVTYPPGIPIARPGERVTELTVHTILIVIEQMNLAPGQVAEVQGVWYFGGIERLYIGLVVVNDVLRNHDPRYL,128,-GGGGTHHHHHHHTTSGGG---B-S-HHHHHHHHHTT-EEEEEGGG-TT-BB-S-EEEETTTEEEE-TTBB--HHHHHHHHHHHHHHHH-TTS--EEESSEEEEETTEEEEEEEEE-HHHHHT-TTT-,28.90625,23.4375,Medium beta sheet
metric_d6hcia__3.pdb,GPAPTVLCSMQDGTFPVGTTATFNFNISSTPPGNYSWTHNIGLLTTIRKKHMLWSQTSGVSIVLDNVEPLEAGTYTCSYSSPAGSASTSACLTVTSM,97,----EEEE----EEEETTS-EEEEEEEE-SS--EEEEEETTEE---TTTEEEEEETTTEEEEEESS--GGG-EEEEEEEEETTEEEEEEEEEEEE--,0.0,58.76288659793815,High beta sheet
