,file_ID,category,partial_T,pLDDT_mean,pLDDT_stdev,pLDDT_min,pLDDT_max,RMSD,sequence,MPNN_seq,length,changes,MPNN_score,DSSP,H%,E%
0,metric_d6hcia__3.pdb,High beta sheet,20,86.21,9.31,43.94,96.17,3.1207612828201716,GPAPTVLCSMQDGTFPVGTTATFNFNISSTPPGNYSWTHNIGLLTTIRKKHMLWSQTSGVSIVLDNVEPLEAGTYTCSYSSPAGSASTSACLTVTSM,MNEVKIIKIDKEIEVEEGETLVVNVEVESKNPVEIEVYYKGKKLEPDENIEIKKLSENKFEIIFKGKVKELEGKVKIVFKDKVTGNEAEAEVEIKLK,97,41.0,0.9447,----EEEE----EEEETTS-EEEEEEEE-SS--EEEEEETTEE---TTTEEEEEETTTEEEEEESS--GGG-EEEEEEEEETTEEEEEEEEEEEE--,0.0,58.76288659793815
0,metric_1c4kA04_0.pdb,Medium beta sheet,20,78.52,8.39,43.56,90.67,4.041800061049838,PWAIDDYMRAVEWLFTDRYQPELVITEGIAWGFFLAGAYDIVLAEHALGRIVVVFIVTYPPGIPIARPGERVTELTVHTILIVIEQMNLAPGQVAEVQGVWYFGGIERLYIGLVVVNDVLRNHDPRYL,MKEIEELKKKYKELLEKLEPLEELYSLELIEKAVEKGLLEEIELSELVGKTVGMYIKDVETGETIISAMVEITPLLLETIKLALELKEKDPSYKLETKYTEFFYNEKTGKYIVKAVLKETLEKEKDLQ,128,41.0,0.8902,-GGGGTHHHHHHHTTSGGG---B-S-HHHHHHHHHTT-EEEEEGGG-TT-BB-S-EEEETTTEEEE-TTBB--HHHHHHHHHHHHHHHH-TTS--EEESSEEEEETTEEEEEEEEE-HHHHHT-TTT-,28.90625,23.4375
0,afm_1z08C00_6.pdb,Low alpha helix,20,76.7,14.66,26.41,94.53,3.981960507607584,PYYFKVVLLGPPICGKTSLVLRYCENKFNDNPIDTSGASSLQVTLNICGKPVFLEIWDTAGGHCFKNLGPIYYKDSNGAILVYDGTIPTSFYEVLNWVKELRKVLGPQICLCMVINKMDLYHARHVPPTRFFEYSESVGAMGYNVNAKQNINIEALFNDLCCNMI,MLKILILVLEGDDPLAAEVLREVLDKSLKVIKMDDDKLYTEEMEIEIDGVKVKIKIVWGNIDKAVEELKDEILEGIDAIIIIALIETEEEAEKVLEVAKELKKRTGKPVHVIALVKSEEEVEKLKPILEKLKKELEKLGVKFHVAVAEDLEKVRKILEEIIKEEI,165,41.0,0.8811,-EEEEEEEE--TTS-HHHHHHHHHTS----S----S-EEEEEEEEEETTEEEEEEEEEE--GGGGGGTGGGGTTT-SEEEEEEETT-HHHHHHHHHHHHHHHHHT-TTSEEEEEEE-GGGGGG--S-HHHHHHHHHHTT-EEEE-BTTTTBSHHHHHHHHHHTT-,27.87878787878788,27.87878787878788
0,afm_d1u7ba1_2.pdb,Length percentile 50,10,87.2,12.4,32.56,97.38,2.460112560017343,MFFAVLPQASILKKMLEDTVPHIPEACWHIYPTGVLLYSADESRQAVYVRGLPASQFHFWYCDRPLAMGVNLDSMYKILLQADNEDEIGLNAEDNADTLDLYFHAPNGVTGQYFTMKLMDLDVEPR,MARLVFDDIQRLRDILRELGALNPLVKLVVTPESLTLEAVAPDGSRTLVVVIPRSEAAEMEVTEPVEAWVDVGELLAVLEQAGPDDRVTFEFDSASGELRVVLQGPDPSERREFTLPVVEVDVPAP,126,41.0,1.029,-EEEEESSHHHHHHHHHTTTTT-SEEEEEEETTEEEEEEE-TTSS-EEEEEEEGGGSSSEEESS-EEEEEEHHHHHHHHTTS-TTSEEEEEE-TT-SEEEEEEE-TTSS-EEEEEEE---------,13.492063492063492,43.65079365079365
0,afm_1z08C00_6.pdb,Low alpha helix,10,83.32,10.87,45.1,96.65,2.100311712692285,PYYFKVVLLGPPICGKTSLVLRYCENKFNDNPIDTSGASSLQVTLNICGKPVFLEIWDTAGGHCFKNLGPIYYKDSNGAILVYDGTIPTSFYEVLNWVKELRKVLGPQICLCMVINKMDLYHARHVPPTRFFEYSESVGAMGYNVNAKQNINIEALFNDLCCNMI,MKKVKVLILASEGLPAPGLAKLLTTGELVNETITSEEIKTFELKMEVNGEEVLVEIHVASIEKQLPKLKEEELKEFDAVIVLADLRNKEEVEKALKVLEELKEKLPKKTVLALALLGKDKKEEWEVDPEELREKAEKLGVEVFEVNYSNKEEILEMFKKILEKLF,165,41.0,0.9577,-EEEEEEEE--TTS-HHHHHHHHHTS----S----S-EEEEEEEEEETTEEEEEEEEEE--GGGGGGTGGGGTTT-SEEEEEEETT-HHHHHHHHHHHHHHHHHT-TTSEEEEEEE-GGGGGG--S-HHHHHHHHHHTT-EEEE-BTTTTBSHHHHHHHHHHTT-,27.87878787878788,27.87878787878788
0,metric_1c4kA04_0.pdb,Medium beta sheet,30,73.65,10.69,30.49,90.27,25.767400053712322,PWAIDDYMRAVEWLFTDRYQPELVITEGIAWGFFLAGAYDIVLAEHALGRIVVVFIVTYPPGIPIARPGERVTELTVHTILIVIEQMNLAPGQVAEVQGVWYFGGIERLYIGLVVVNDVLRNHDPRYL,MEFPDADEVKEVIGEGGEEMIVLTKKYEDPDPDAETVTETITIPKEDFEKLLPKPEQKIEYKKLTLKAGEDATEEMKKLYEEELERLKKGDKTLLHLEVVKEEGAKVEGAMYVTEYSAKHAEALKKKA,128,41.0,1.0403,-GGGGTHHHHHHHTTSGGG---B-S-HHHHHHHHHTT-EEEEEGGG-TT-BB-S-EEEETTTEEEE-TTBB--HHHHHHHHHHHHHHHH-TTS--EEESSEEEEETTEEEEEEEEE-HHHHHT-TTT-,28.90625,23.4375
0,metric_4b0fB00_6.pdb,Length percentile 0,20,94.88,5.37,71.12,98.69,8.141751477658936,HIGIAAGFGAFLFRSRSAYAPALAARYVSLHAHCLELGKEAADARKLLAHL,DLAAALAAALAAGRSRAAILAALAAAARAAEAAAAQAAAAAAAAAAAAAAA,51,41.0,1.1389,-HHHHHHHHGGGSS-HHHHHHHHHHHHHHHHHHHHHHHHHHHHHHHHHTT-,80.3921568627451,0.0
0,metric_1c4kA04_0.pdb,Medium beta sheet,10,86.31,10.34,41.66,97.83,2.322485136061569,PWAIDDYMRAVEWLFTDRYQPELVITEGIAWGFFLAGAYDIVLAEHALGRIVVVFIVTYPPGIPIARPGERVTELTVHTILIVIEQMNLAPGQVAEVQGVWYFGGIERLYIGLVVVNDVLRNHDPRYL,MEKETKLDELFKKIESGEIKQERALSDEEIDLANKEGAVEWVEVEEVLGKVAAEDIKDEKTGFTIIKKGEVFSEEQAEYLKLLEELLNKDEEKSRKLEGVEVKEVDGKKKLYVKVLDEEKLKKIKELK,128,41.0,0.807,-GGGGTHHHHHHHTTSGGG---B-S-HHHHHHHHHTT-EEEEEGGG-TT-BB-S-EEEETTTEEEE-TTBB--HHHHHHHHHHHHHHHH-TTS--EEESSEEEEETTEEEEEEEEE-HHHHHT-TTT-,28.90625,23.4375
0,afm_d3o07a__6.pdb,Low beta sheet,20,81.09,11.28,30.62,95.68,4.409417611180311,LKGGVIMDVVTPYQALLAELSGACAVMALESIPADMRKSGKVCTMSNPYMIQEIMKAVSIPVMAKVRIGNFLEAKLLEKLEVDYIDESEVLTPADWTRHIPKHKFKVPFVCGAKDLGEALCRISEGAAMIRTKGEAGTKDSREAVKHIHRIQEEIYACAQLKHPEEIRKVAAEMNIPPSLLKDVLEKGKLPVVNFAAGGVATPWDAAELMRAGCDGVFVGSGIFKSSNPARLATAVVEATTHLYDPQAIAEVSSDLGEL,MKKLLAAVVETLEEAKVCVEEGVDRIIVRTRLSPEDAALGLAAPLVSLERLREIREAAPCEVVLGLDLADEAALDRAIEAGVDTLLQTPSQKVADAAAVERLHAAGIRVEASVSTLKDAIEWAALGFDVIRFTPPSSVKTVEEKKKWIEEMKEEVKRLLELKEEEEIRELAEELGVSVEQVKLFQEKIKTEMRLEFAVKVSTLEELIAALELGVDVIVVGGFRGSLEELRKFLRFGKRLIETGLDEEVIKETLKEMGIK,259,41.0,0.8548,-TTSEEEEESSHHHHHHHHHHT-SEEEE-SS-HHHHGGGT-------HHHHHHHHTT-SS-EEEEE-TT-HHHHHHHHTTT-SEEEE-TTS--S-SS----GGG-SS-EEEE-SSHHHHHHHHHTT-SEEE----SSS--THHHHHHHHHHHHHHHHHTT--SHHHHHHHHHHTTS-HHHHHHHHHHTS-SS-EEB-SS--SHHHHHHHHHTT-S-EEE-GGGTSSS-HHHHHHHHHHHHH-TT-HHHHHHHTSS----,40.54054054054054,11.583011583011585
0,afm_1z08C00_6.pdb,Low alpha helix,30,84.61,10.89,34.36,96.0,6.902151292629394,PYYFKVVLLGPPICGKTSLVLRYCENKFNDNPIDTSGASSLQVTLNICGKPVFLEIWDTAGGHCFKNLGPIYYKDSNGAILVYDGTIPTSFYEVLNWVKELRKVLGPQICLCMVINKMDLYHARHVPPTRFFEYSESVGAMGYNVNAKQNINIEALFNDLCCNMI,MKKLVVLALLGDEDLTIRVKLPRLPEITITFKTVDGKKIVEVEVDLKAAGLDEVESFYCDTLEELLEKAKKLLKPENVLVVVLGVRTKEEVPEVIETLREIEEIAREKVEDLVAVIVCRTEEIAEEAVRLVEKDERLKCDVVVVTVYPDGRQEVRIIEKPRIDSS,165,41.0,0.9637,-EEEEEEEE--TTS-HHHHHHHHHTS----S----S-EEEEEEEEEETTEEEEEEEEEE--GGGGGGTGGGGTTT-SEEEEEEETT-HHHHHHHHHHHHHHHHHT-TTSEEEEEEE-GGGGGG--S-HHHHHHHHHHTT-EEEE-BTTTTBSHHHHHHHHHHTT-,27.87878787878788,27.87878787878788
0,afm_d1u7ba1_2.pdb,Length percentile 50,20,83.62,8.61,52.25,94.73,3.3222262820979496,MFFAVLPQASILKKMLEDTVPHIPEACWHIYPTGVLLYSADESRQAVYVRGLPASQFHFWYCDRPLAMGVNLDSMYKILLQADNEDEIGLNAEDNADTLDLYFHAPNGVTGQYFTMKLMDLDVEPR,MVKLVFKDVKKLKELVKELYEKCDELEIIIENDTVRIIGYPKDGGEKIEYEIGKEDLKEIEQDKPVKLTMPVSKFYEVISKAKDDDEITFEIDLEKGEVTITIKPKDGRPTQVFKFKASELGVEEL,126,41.0,0.9695,-EEEEESSHHHHHHHHHTTTTT-SEEEEEEETTEEEEEEE-TTSS-EEEEEEEGGGSSSEEESS-EEEEEEHHHHHHHHTTS-TTSEEEEEE-TT-SEEEEEEE-TTSS-EEEEEEE---------,13.492063492063492,43.65079365079365
0,metric_d6hcia__3.pdb,High beta sheet,30,82.7,12.3,44.67,97.41,8.829970983070195,GPAPTVLCSMQDGTFPVGTTATFNFNISSTPPGNYSWTHNIGLLTTIRKKHMLWSQTSGVSIVLDNVEPLEAGTYTCSYSSPAGSASTSACLTVTSM,GSMSKLTIKVTMEKDNEKALEELCEKIKKILEENPDAKIVKVKGTKEYIEKLKEVTGQKAEEEEYLDESEERITLEIEIEFGPDAPGIHTEIEIEIK,97,41.0,1.0721,----EEEE----EEEETTS-EEEEEEEE-SS--EEEEEETTEE---TTTEEEEEETTTEEEEEESS--GGG-EEEEEEEEETTEEEEEEEEEEEE--,0.0,58.76288659793815
0,afm_7K00O_8.pdb,Length percentile 25,20,74.32,10.57,38.96,93.58,5.208974844715615,MLSLEMNLSLCLEFGRSPDDFDSMHVQIALRTEQIKRMTGYMNKKPLAVNLATEAFHLENERDILLETLGKLEHECYKRMVEKLGLEN,MSKEEKVKELLKELFGSVSKASKNSKEAIELFVKILELKKKKETEEDKEKLEEEIKKLEEELKKKLEEIEKKDKEVAKKIKELFKKLE,88,41.0,0.9828,---HHHHHHHHHHHSSSTT-TTSHHHHHHHHHHHHHHHHHHHHH-TT-HHHHHHHHHHHHHHHHHHHHHHHH-HHHHHHHHHHHT---,76.13636363636364,0.0
0,afm_d3o07a__6.pdb,Low beta sheet,30,69.71,8.14,41.18,85.0,7.766760594769048,LKGGVIMDVVTPYQALLAELSGACAVMALESIPADMRKSGKVCTMSNPYMIQEIMKAVSIPVMAKVRIGNFLEAKLLEKLEVDYIDESEVLTPADWTRHIPKHKFKVPFVCGAKDLGEALCRISEGAAMIRTKGEAGTKDSREAVKHIHRIQEEIYACAQLKHPEEIRKVAAEMNIPPSLLKDVLEKGKLPVVNFAAGGVATPWDAAELMRAGCDGVFVGSGIFKSSNPARLATAVVEATTHLYDPQAIAEVSSDLGEL,MKIAIIITTKSKKDYEAEAEFKSGLELKFISVGISSKEDEEKAVEKIIEKVKELKPEFDLIIVIPELLSKEDYKKLVEELLELGASVLFGGSEEEVKLLEEAIEKGHSIVIRLSDLESLVLFAKAQKKVEAIGYLRTEEETEGFLENLRLLRHLLENEELPEHREKLDEICKRLGISREELRELFESLLKQKLIITLSSEESLEKLAELLAELGVEVTLIGIEIDEETGEVKFTVIKLSKKDGEMVIEKETVTAKLKEL,259,41.0,0.9453,-TTSEEEEESSHHHHHHHHHHT-SEEEE-SS-HHHHGGGT-------HHHHHHHHTT-SS-EEEEE-TT-HHHHHHHHTTT-SEEEE-TTS--S-SS----GGG-SS-EEEE-SSHHHHHHHHHTT-SEEE----SSS--THHHHHHHHHHHHHHHHHTT--SHHHHHHHHHHTTS-HHHHHHHHHHTS-SS-EEB-SS--SHHHHHHHHHTT-S-EEE-GGGTSSS-HHHHHHHHHHHHH-TT-HHHHHHHTSS----,40.54054054054054,11.583011583011585
0,afm_3zc0D00_2.pdb,Length percentile 75,20,75.51,11.84,34.39,94.59,22.43262550302572,GFEELIKRTEELIEAIAKLSALLDHLRVCSTGSIAAIHAGKVTHADALLEAALALLELVKKYREYPEFYEDLCREAMQELVEAIAFKNAISGNFTFDIDLEVTPAALLNGFAAAVGELRKYALTKLREGDFESARRMLATMVHIHRYLPEARKIRESEYGILSEKVDVMAELVHRTAEAMYAAR,MKKEEEEKKKEEEEVLKEAKELLERAKELLEEAKRAYEEGDLEKVREIYEEVEKIYKKLEELYKKYKELKPILEEARIILVEVETLLLALEGREEFELKEKVSPELKLKQLLAAVKALLECAERALEEGDEERLRRLLELAKKLLEEAKKLIEENKSVSEEILKEYKEAEERLEELEERYREKL,184,41.0,0.9309,-HHHHHHHHHHHHHHHHHHHHHHHHHHHHHHHHHHHHHTT-HHHHHHHHHHHHHHHHHHGGGTT-TTTTHHHHHHHHHHHHHHHHHHHHTTT---S--S--S-HHHHHHHHHHHHHHHHHHHHHHHHTT-HHHHHHHHHHHHHHHHHGGGGGGS-GGGTTTHHHHHHHHHHHHHHHHHHTTTT-,72.82608695652173,0.0
0,afm_d7ehpa__6.pdb,Length percentile 100,20,81.85,10.12,39.82,96.63,4.191768628528893,SVSLRHTQVRDDVRLRLKMLEDIAQVMEKAVPGLRVELEGVEDKVNRFEKLPAEMAAGNPPKIFDLFGGTDTAKYVKAGRLLELTPLLIAKGLKDAFPNLQEFTVDGKIYGLPTAYFVEGVFYNKQIFKQLNVDVPRTFEELMAVASRANESGFIPFAFASNDGWVANMMLNTLWVRTAGDDSVPGFVRGTRRWTDPDVAGGFQTYYYLVVRNFLQPGADGLKYAHQQYVFREGKAAMMFDGSWASAALVDAGKTKIAEDIGFFSFPDVGGKGDGMINGGYSNGYGFSASLDEQELAAAVVFIGWMYSEEMQKRQLKESGILPAMKLSDLSGVHPVIREMIQASELRQFPAFDSIVQAKVRETLEMCMQELILGKMTPEQVLDKMQKVQEDANRDMK,MMKVLIVTTEKDNKTLIKLLEEMAKKIEEEFPEVEVEVVVEETRLEAVETIREAIKEGKAILVATGLTLATVVELMKELGAEGFAKLLEEAGLMKEARYKELLELGEDIKLFILTLSVMCLVVSKSTIKELGCEGLSVRELIEKILEEAKKKGKIPVAVRISSLGEVEALCVLLGREAWTPEEASAYLRGEKKVEKEEIEKFIDLVKEAKEKGVEFLSDKEASPLELRLKAVNEEAEALIDGTDGVSILLEDERNKKKEDLEVLPIVQEKGKNKGSVLVDVFSTSLYRKDLSEEEKELLLKIIKEYIIKELVPKLAIELGLLPVFKLDSLKDAKEFTKIILECEDKPLVLLPSDLFTEEVREFVIEELEKLIEGKISPEEAKEKIYKKIEEEFEKRK,397,41.0,0.876,-EEEEE----GGGHHHHHHHHHHHHHHHHHSTT--EEEEE--HHHIIIIIHHHHHHTT---SEEEEETTHHHHHHHHTT-B---HHHHHHTT-GGGSS--GGGEETTEE-EEESB-EEEEEEEEHHHHHHHT-----BHHHHHHHHHHHHHTTSEEEE---SSGGGGHHHHHHHHHHHH-TTHHHHHHTTSS-TTSHHHHHHHHHHHHHHHTTSS-TTGGG--HHHHHHHHHTT-EEEEEEEGGGHHHHS-TTT-S-TTSEEEE---B-SSSSTTEEEEES-EEEEEBS---HHHHHHHHHHHHHHSSHHHHHHHHHHH---BSS--S---S--HHHHHHHHHTTSEEE--GGGTS-HHHHHHHHHHHHHHHTTSS-HHHHHHHHHHHHHHHHHTT-,43.32493702770781,14.609571788413096
0,metric_4gytA00_3.pdb,Medium alpha helix,20,75.68,11.59,32.59,93.57,3.953102447879255,SLHLPKYEDFRKSIRHLSLPMTVAELHGIMCGYLCAGDITGGLAYIDQLMIGNATPESLNGLLSMPSVFSISQQQMNNPDFEFEMLLPDDDASLSERARALIVWVEGFTQGLTIAGWGMSRLMHPFAQAALKFLMHLAQLDPLDTPKGPHGEVALTHLSHFTRLAVEMLHHEMRARG,MMKKVEPSEIEKLLKECGLKVSVKELIIEAYKAIAKGKTEEFLKKVEERLGPEETEKRKKLLEKVKEFVKRLEYEVNNEELEIESELEKSKLPNETKKKRLEEELEIQLEIIKFLKEEFEKLGLEELAEEAEKLAEEIEEAIKNLSEEEENLKKAIELLKKAREFILEALRKIKKLK,177,41.0,1.0621,------HHHHHHTTGGGT-SS-HHHHHHHHHHHHHHT-HHHHHHHHHHTTTT--SHHHHHHHHHHHHHHHHHHHHHT-TTS--------TTS-HHHHHHHHHHHHHHHHHHHHHHT-SGGG--SHHHHHHHHHHHHHTTS-GGG---SHHHHHHHHHHHHHHHHHHHHHHHHHHH--,63.84180790960452,0.0
0,afm_7K00O_8.pdb,Length percentile 25,10,79.02,13.0,33.05,95.0,1.8969162276136624,MLSLEMNLSLCLEFGRSPDDFDSMHVQIALRTEQIKRMTGYMNKKPLAVNLATEAFHLENERDILLETLGKLEHECYKRMVEKLGLEN,MLSKEELEKIIKEVAKEEKDKDSLEVQAVILKKEIELLKEQLKKNPEDEETKKELEEKEKKLKELLEKIEKEDKKKAEELKKKLGIKE,88,41.0,0.9327,---HHHHHHHHHHHSSSTT-TTSHHHHHHHHHHHHHHHHHHHHH-TT-HHHHHHHHHHHHHHHHHHHHHHHH-HHHHHHHHHHHT---,76.13636363636364,0.0
0,afm_7K00O_8.pdb,Length percentile 25,30,90.47,8.99,56.3,98.5,9.847157159007153,MLSLEMNLSLCLEFGRSPDDFDSMHVQIALRTEQIKRMTGYMNKKPLAVNLATEAFHLENERDILLETLGKLEHECYKRMVEKLGLEN,EKEKKFKEKKEETLKEIERCLKEGTKYIEEVIKKIEELIEIGKELLSKEDLEKLKELLEKLKKAVEEGAPEEEIKKLLKEIKEFIEKL,88,41.0,1.0039,---HHHHHHHHHHHSSSTT-TTSHHHHHHHHHHHHHHHHHHHHH-TT-HHHHHHHHHHHHHHHHHHHHHHHH-HHHHHHHHHHHT---,76.13636363636364,0.0
0,afm_4i17A00_2.pdb,High alpha helix,10,85.49,8.95,50.6,96.84,2.4643431987575406,TDPKVLKALGLEALDHKNYRVAYGYYSEYLKLTDYSDAVTNYNCGVCADNIGRSDEAAMYFKRAIALNWNIANAAIGVAAAYCKQLNTTEYIGTLNAALLNVPGNATIEKLLAIAYLKQGNRAQAAGDIATAEHNYNKACQVSSKKWQTDALYSLGVLFYNNGAEILAAATPMARKDKAVYAAHVATAKAAFAKALEALQRAVSLSPNRTEIKQMIDQVNAMF,MDIEELKKELEEAIKKGDYEKAYELAKKLIELEGEENLELLKKLAELAIKLGKYEEALKILEKLLELGGDEVECYKKKVEILLKQGKLEEAYEVLKEAVKKHPEDEEIRKLLAEFLLEKMKELIKKGDEKKFEEIAEEILKLGLKEAQIEILEMRYEYYLEKIKKLEEEYKEVKETDEEKAKKLKEEIEKELKKAIELLEKLAELEPENEEIKKKIEELKKKL,223,41.0,0.8754,--HHHHHHHHHHHHTTT-HHHHHHHHHHHHHHTTT--HHHHHHHHHHHHHTT-HHHHHHHHHHHHHTTSSHHHHHHHHHHHHHHTT-HHHHHHHHHHHHHHSTT-HHHHHHHHHHHHHHHHHHHHTT-HHHHHHHHHHHT-SS-HHHHHHHHHHHHHHHHHHHHHHHHHHHHHTTT-HHHHHHHHHHHHHHHHHHHHHHHHHHHH-TT-HHHHHHHHHHHTT-,80.26905829596413,0.0
0,afm_3zc0D00_2.pdb,Length percentile 75,30,84.91,11.04,40.83,97.3,4.942967105871094,GFEELIKRTEELIEAIAKLSALLDHLRVCSTGSIAAIHAGKVTHADALLEAALALLELVKKYREYPEFYEDLCREAMQELVEAIAFKNAISGNFTFDIDLEVTPAALLNGFAAAVGELRKYALTKLREGDFESARRMLATMVHIHRYLPEARKIRESEYGILSEKVDVMAELVHRTAEAMYAAR,MKEEEEKKKKEEEELKKELEETLEEALELAKKALELYKKGDKEKFEELYEELKELYEKALELIKKLKELSEEEKEKLVEVTALLVKLLILLGKYEEAYKVIEETILDIEMLIKLTELLLEYIKELLEEGKLEEAKKLLEIAEKLLEKIKELIEEEEEDKEEIEKKLEELEEELEELKEELEEKE,184,41.0,0.9408,-HHHHHHHHHHHHHHHHHHHHHHHHHHHHHHHHHHHHHTT-HHHHHHHHHHHHHHHHHHGGGTT-TTTTHHHHHHHHHHHHHHHHHHHHTTT---S--S--S-HHHHHHHHHHHHHHHHHHHHHHHHTT-HHHHHHHHHHHHHHHHHGGGGGGS-GGGTTTHHHHHHHHHHHHHHHHHHTTTT-,72.82608695652173,0.0
0,afm_3zc0D00_2.pdb,Length percentile 75,10,84.78,11.38,42.98,98.48,2.7702214737451643,GFEELIKRTEELIEAIAKLSALLDHLRVCSTGSIAAIHAGKVTHADALLEAALALLELVKKYREYPEFYEDLCREAMQELVEAIAFKNAISGNFTFDIDLEVTPAALLNGFAAAVGELRKYALTKLREGDFESARRMLATMVHIHRYLPEARKIRESEYGILSEKVDVMAELVHRTAEAMYAAR,MEEEKEREEKEKEENRKKLDELLKKAEELYKKLKEAIEKGDIEEAEKLLEEMEKILKEAEKLVKDKEYGEEILNKIKILVATAELLLNCEKGEFKTELKYKLSDSDKVEAFLETVEFLLERAEELLKKGDIEKAKKYIELAKKLLEEIEKYKSLPEEKLKDNWKRFEELKERLEKLEEELEELE,184,41.0,0.9579,-HHHHHHHHHHHHHHHHHHHHHHHHHHHHHHHHHHHHHTT-HHHHHHHHHHHHHHHHHHGGGTT-TTTTHHHHHHHHHHHHHHHHHHHHTTT---S--S--S-HHHHHHHHHHHHHHHHHHHHHHHHTT-HHHHHHHHHHHHHHHHHGGGGGGS-GGGTTTHHHHHHHHHHHHHHHHHHTTTT-,72.82608695652173,0.0
0,metric_4b0fB00_6.pdb,Length percentile 0,30,94.98,3.6,75.32,98.07,7.968312602619391,HIGIAAGFGAFLFRSRSAYAPALAARYVSLHAHCLELGKEAADARKLLAHL,AAAAAAAAAAAASAAERAAAAAAAAAAAAAAAAAAAAAAAAAAAARAALLA,51,41.0,1.0365,-HHHHHHHHGGGSS-HHHHHHHHHHHHHHHHHHHHHHHHHHHHHHHHHTT-,80.3921568627451,0.0
0,afm_d1u7ba1_2.pdb,Length percentile 50,30,82.36,11.43,23.29,94.22,10.750531317177071,MFFAVLPQASILKKMLEDTVPHIPEACWHIYPTGVLLYSADESRQAVYVRGLPASQFHFWYCDRPLAMGVNLDSMYKILLQADNEDEIGLNAEDNADTLDLYFHAPNGVTGQYFTMKLMDLDVEPR,RIIFREPSPEEEEVFERLRELLLRAHAAGLAGRALLVNLDSGEVLRELPLEEVRDLLPEELLAELEASGSEVVVLLAESADGKRRYLGVLAVDPATGLVTFRLWDLDTGELVREEVEDRAAVEAAL,126,41.0,0.9934,-EEEEESSHHHHHHHHHTTTTT-SEEEEEEETTEEEEEEE-TTSS-EEEEEEEGGGSSSEEESS-EEEEEEHHHHHHHHTTS-TTSEEEEEE-TT-SEEEEEEE-TTSS-EEEEEEE---------,13.492063492063492,43.65079365079365
0,afm_4i17A00_2.pdb,High alpha helix,20,82.23,8.85,44.66,95.0,6.6600532443992435,TDPKVLKALGLEALDHKNYRVAYGYYSEYLKLTDYSDAVTNYNCGVCADNIGRSDEAAMYFKRAIALNWNIANAAIGVAAAYCKQLNTTEYIGTLNAALLNVPGNATIEKLLAIAYLKQGNRAQAAGDIATAEHNYNKACQVSSKKWQTDALYSLGVLFYNNGAEILAAATPMARKDKAVYAAHVATAKAAFAKALEALQRAVSLSPNRTEIKQMIDQVNAMF,MSLEELLERAYEALKRGDKEEFVRLVLELVREHPVEDPELLIAAIEAAVELGDVEALCELARLFIERGVKDPEVWAALIRALAEFSEHEECRELLYELLKSGIKSEEVKETIKEVALKEAERLLKEGNFEEVEELIELLLEEGLEEAAKEVALLALELLLEKILELKEEYEKLKEIDEEEAKKVEKEIKELLDKLKELAEKVLKKFPEFEKAKEFLKKAEELE,223,41.0,0.9545,--HHHHHHHHHHHHTTT-HHHHHHHHHHHHHHTTT--HHHHHHHHHHHHHTT-HHHHHHHHHHHHHTTSSHHHHHHHHHHHHHHTT-HHHHHHHHHHHHHHSTT-HHHHHHHHHHHHHHHHHHHHTT-HHHHHHHHHHHT-SS-HHHHHHHHHHHHHHHHHHHHHHHHHHHHHTTT-HHHHHHHHHHHHHHHHHHHHHHHHHHHH-TT-HHHHHHHHHHHTT-,80.26905829596413,0.0
0,afm_4i17A00_2.pdb,High alpha helix,30,82.61,9.26,26.91,94.75,14.195800915253827,TDPKVLKALGLEALDHKNYRVAYGYYSEYLKLTDYSDAVTNYNCGVCADNIGRSDEAAMYFKRAIALNWNIANAAIGVAAAYCKQLNTTEYIGTLNAALLNVPGNATIEKLLAIAYLKQGNRAQAAGDIATAEHNYNKACQVSSKKWQTDALYSLGVLFYNNGAEILAAATPMARKDKAVYAAHVATAKAAFAKALEALQRAVSLSPNRTEIKQMIDQVNAMF,MSSETITITISPSESVEEVLEKVKKVKEENKGKKIVLKGATIESVIELVKEGIVFTNPVTGREEPYAREVTGLTKEKLLELAEEVAKRFKGKITITVLTEGLSEEQQRKVEEYAAELKKKLEELGLEETVVIVVGLTPEGGYVVVIYDGKKLVFNLENEEELKKSLEEWLKWIETLPEEEKKKALKALIEVAKFLKKLAEEILGNEKVVKLLDEFIEKLEKKL,223,41.0,0.8984,--HHHHHHHHHHHHTTT-HHHHHHHHHHHHHHTTT--HHHHHHHHHHHHHTT-HHHHHHHHHHHHHTTSSHHHHHHHHHHHHHHTT-HHHHHHHHHHHHHHSTT-HHHHHHHHHHHHHHHHHHHHTT-HHHHHHHHHHHT-SS-HHHHHHHHHHHHHHHHHHHHHHHHHHHHHTTT-HHHHHHHHHHHHHHHHHHHHHHHHHHHH-TT-HHHHHHHHHHHTT-,80.26905829596413,0.0
0,afm_d7ehpa__6.pdb,Length percentile 100,10,86.49,8.23,41.68,97.23,2.353787953735694,SVSLRHTQVRDDVRLRLKMLEDIAQVMEKAVPGLRVELEGVEDKVNRFEKLPAEMAAGNPPKIFDLFGGTDTAKYVKAGRLLELTPLLIAKGLKDAFPNLQEFTVDGKIYGLPTAYFVEGVFYNKQIFKQLNVDVPRTFEELMAVASRANESGFIPFAFASNDGWVANMMLNTLWVRTAGDDSVPGFVRGTRRWTDPDVAGGFQTYYYLVVRNFLQPGADGLKYAHQQYVFREGKAAMMFDGSWASAALVDAGKTKIAEDIGFFSFPDVGGKGDGMINGGYSNGYGFSASLDEQELAAAVVFIGWMYSEEMQKRQLKESGILPAMKLSDLSGVHPVIREMIQASELRQFPAFDSIVQAKVRETLEMCMQELILGKMTPEQVLDKMQKVQEDANRDMK,MIKLLLPLSDPKYEKLRELFLKIIEEAEKKLKNIKVEVELVSPEELEYSVLQEMIEAGDLPDIIILPSGANLRALAEAGKLLDVQEGLEKAGILDKLKYPEVAVFDGKVLSVPLLYELFGLFVNKKVLDEAGLEIKETVEDWLEVCKELKEKGIYALGINLSDKVKLGDFFSALLTLLMSEEEIEKLLSGELSWEIEKVREALELLKEILDNGFLPKDSEKLSEEEVWKLLVEGKIASVFGGSSDFAGAVNAGIIKNLEDFELVELPKKDNEMKDKVIIEPVYSLAVSKHASKEAVEFALEIIELLAKPETRLKLANECLLIPAFELPDIDKLNELAKKLLKLLEKEVVWSLRSKMPVELRKLLEELISKFVKGEISIEELLKELEEAVKKLLEEKE,397,41.0,0.9311,-EEEEE----GGGHHHHHHHHHHHHHHHHHSTT--EEEEE--HHHIIIIIHHHHHHTT---SEEEEETTHHHHHHHHTT-B---HHHHHHTT-GGGSS--GGGEETTEE-EEESB-EEEEEEEEHHHHHHHT-----BHHHHHHHHHHHHHTTSEEEE---SSGGGGHHHHHHHHHHHH-TTHHHHHHTTSS-TTSHHHHHHHHHHHHHHHTTSS-TTGGG--HHHHHHHHHTT-EEEEEEEGGGHHHHS-TTT-S-TTSEEEE---B-SSSSTTEEEEES-EEEEEBS---HHHHHHHHHHHHHHSSHHHHHHHHHHH---BSS--S---S--HHHHHHHHHTTSEEE--GGGTS-HHHHHHHHHHHHHHHTTSS-HHHHHHHHHHHHHHHHHTT-,43.32493702770781,14.609571788413096
0,metric_4gytA00_3.pdb,Medium alpha helix,30,73.97,10.33,34.28,89.62,11.263133355760232,SLHLPKYEDFRKSIRHLSLPMTVAELHGIMCGYLCAGDITGGLAYIDQLMIGNATPESLNGLLSMPSVFSISQQQMNNPDFEFEMLLPDDDASLSERARALIVWVEGFTQGLTIAGWGMSRLMHPFAQAALKFLMHLAQLDPLDTPKGPHGEVALTHLSHFTRLAVEMLHHEMRARG,SKIEETVKKIEELLLSYPVKYPNEIKELEAEIEIEVEGKDGEIKVKVKYSKTELSELIEELAKLYAEYVEELVKELGVEKKFKFTFKLKIYVIVTPEIVKKLGGKAVVVISNEVEIEDEDGKKTKFVSPENEELEKLLEKLKEEKEKEEELIEEMLKLTKKNTKDLLEQIEKYLKEY,177,41.0,0.9686,------HHHHHHTTGGGT-SS-HHHHHHHHHHHHHHT-HHHHHHHHHHTTTT--SHHHHHHHHHHHHHHHHHHHHHT-TTS--------TTS-HHHHHHHHHHHHHHHHHHHHHHT-SGGG--SHHHHHHHHHHHHHTTS-GGG---SHHHHHHHHHHHHHHHHHHHHHHHHHHH--,63.84180790960452,0.0
0,metric_4gytA00_3.pdb,Medium alpha helix,10,80.66,9.31,26.68,92.26,2.6553840708712317,SLHLPKYEDFRKSIRHLSLPMTVAELHGIMCGYLCAGDITGGLAYIDQLMIGNATPESLNGLLSMPSVFSISQQQMNNPDFEFEMLLPDDDASLSERARALIVWVEGFTQGLTIAGWGMSRLMHPFAQAALKFLMHLAQLDPLDTPKGPHGEVALTHLSHFTRLAVEMLHHEMRARG,MMKEFSLKELEELCKKAGCKLSPFEIQTVLLTYLCLGKEEEGLEFLEKQLPKEKTEVVEELKKKIEELLKRLKEILEDKSKKIKLLKPDKSTSNKEKFKELVNSAKIILELLEKYGIKLEDFESEELKKLYKELEEISKEKVEDVKDSKEDEEKIEEYYKLLEKFLELLYEEMKKKK,177,41.0,0.9789,------HHHHHHTTGGGT-SS-HHHHHHHHHHHHHHT-HHHHHHHHHHTTTT--SHHHHHHHHHHHHHHHHHHHHHT-TTS--------TTS-HHHHHHHHHHHHHHHHHHHHHHT-SGGG--SHHHHHHHHHHHHHTTS-GGG---SHHHHHHHHHHHHHHHHHHHHHHHHHHH--,63.84180790960452,0.0
0,metric_d6hcia__3.pdb,High beta sheet,10,86.21,11.7,38.36,97.74,1.6948761985145326,GPAPTVLCSMQDGTFPVGTTATFNFNISSTPPGNYSWTHNIGLLTTIRKKHMLWSQTSGVSIVLDNVEPLEAGTYTCSYSSPAGSASTSACLTVTSM,SKKIKFKTKDTTITAYPGEKVVVKIEVESAEEVEVSIHKNGEEPTKLPNVSLKKIGDGTYELIIEKVTEEDEGEFEVVFKSKSSTGKVKIKLKVKYK,97,41.0,0.9761,----EEEE----EEEETTS-EEEEEEEE-SS--EEEEEETTEE---TTTEEEEEETTTEEEEEESS--GGG-EEEEEEEEETTEEEEEEEEEEEE--,0.0,58.76288659793815
0,afm_d3o07a__6.pdb,Low beta sheet,10,87.46,9.72,40.22,98.0,2.4925680445938085,LKGGVIMDVVTPYQALLAELSGACAVMALESIPADMRKSGKVCTMSNPYMIQEIMKAVSIPVMAKVRIGNFLEAKLLEKLEVDYIDESEVLTPADWTRHIPKHKFKVPFVCGAKDLGEALCRISEGAAMIRTKGEAGTKDSREAVKHIHRIQEEIYACAQLKHPEEIRKVAAEMNIPPSLLKDVLEKGKLPVVNFAAGGVATPWDAAELMRAGCDGVFVGSGIFKSSNPARLATAVVEATTHLYDPQAIAEVSSDLGEL,MKNEIVVEVTTVEQAIACDKVGVDRILVTEEDIEELLKAGRALRPPSEEFVREVIEAVKAEVEVPLGPGDQEGALRYDRAGVDRILVTDALPVPAPDARIDFAALSARVALPVRDFGDLLRALELGADELVLEKPIGSEDFNEYKEMVEKLKKELEEAKKIKSEEERKKLAEKYGVSLEVLEEVIKAGKPPQRLMAFGENSSLENIIELLKLGFDIVFVSMSVLKRPDWEELLKLMIEAARNIEDEEKIKELIEQQPGS,259,41.0,0.8554,-TTSEEEEESSHHHHHHHHHHT-SEEEE-SS-HHHHGGGT-------HHHHHHHHTT-SS-EEEEE-TT-HHHHHHHHTTT-SEEEE-TTS--S-SS----GGG-SS-EEEE-SSHHHHHHHHHTT-SEEE----SSS--THHHHHHHHHHHHHHHHHTT--SHHHHHHHHHHTTS-HHHHHHHHHHTS-SS-EEB-SS--SHHHHHHHHHTT-S-EEE-GGGTSSS-HHHHHHHHHHHHH-TT-HHHHHHHTSS----,40.54054054054054,11.583011583011585
0,afm_d7ehpa__6.pdb,Length percentile 100,30,63.05,17.14,18.92,94.18,12.994407295516213,SVSLRHTQVRDDVRLRLKMLEDIAQVMEKAVPGLRVELEGVEDKVNRFEKLPAEMAAGNPPKIFDLFGGTDTAKYVKAGRLLELTPLLIAKGLKDAFPNLQEFTVDGKIYGLPTAYFVEGVFYNKQIFKQLNVDVPRTFEELMAVASRANESGFIPFAFASNDGWVANMMLNTLWVRTAGDDSVPGFVRGTRRWTDPDVAGGFQTYYYLVVRNFLQPGADGLKYAHQQYVFREGKAAMMFDGSWASAALVDAGKTKIAEDIGFFSFPDVGGKGDGMINGGYSNGYGFSASLDEQELAAAVVFIGWMYSEEMQKRQLKESGILPAMKLSDLSGVHPVIREMIQASELRQFPAFDSIVQAKVRETLEMCMQELILGKMTPEQVLDKMQKVQEDANRDMK,MKIVIVLNLPKYLMEEGREIAEKVIEKLGSDKEVEIIEKEYISEEEIKKLMEEIKDAETVIFICGGELMRIAIEAAKEVGIKRLVAVSVSDNFLKDISVMQLLLEESGDDNLVVIDTFRYLEYRMERDEETGLELPVMTLVRLRALKELKKEGIEVKSVKLDPKFVEERLKSTAELLKEQIKKLAEKGSKEAEEYLKRLEDLLKTAELRLKLQEEGFKGDVVGYRTAAVIENGEIRLYPASGFFSAKECSWEEHAEILKKFGELVREHLLELGYLREAALTIIVVVYRKSASPESVKLAELLAEAIAETRHEIAERIEKEVGDFKILIIIGVEPELAEEAKPLAEELAKEIEEKLEKGENLIFSGFSPFERLEVTQETVDWLKKVLEEVKEYLEKAK,397,41.0,1.0121,-EEEEE----GGGHHHHHHHHHHHHHHHHHSTT--EEEEE--HHHIIIIIHHHHHHTT---SEEEEETTHHHHHHHHTT-B---HHHHHHTT-GGGSS--GGGEETTEE-EEESB-EEEEEEEEHHHHHHHT-----BHHHHHHHHHHHHHTTSEEEE---SSGGGGHHHHHHHHHHHH-TTHHHHHHTTSS-TTSHHHHHHHHHHHHHHHTTSS-TTGGG--HHHHHHHHHTT-EEEEEEEGGGHHHHS-TTT-S-TTSEEEE---B-SSSSTTEEEEES-EEEEEBS---HHHHHHHHHHHHHHSSHHHHHHHHHHH---BSS--S---S--HHHHHHHHHTTSEEE--GGGTS-HHHHHHHHHHHHHHHTTSS-HHHHHHHHHHHHHHHHHTT-,43.32493702770781,14.609571788413096
0,metric_4b0fB00_6.pdb,Length percentile 0,10,95.94,5.03,70.55,98.81,7.621171308406613,HIGIAAGFGAFLFRSRSAYAPALAARYVSLHAHCLELGKEAADARKLLAHL,SAAARRAAALAAHGSEAALRAAAAAAAAAAAAAAAAAAAAAAAAAAAAAAA,51,41.0,1.0347,-HHHHHHHHGGGSS-HHHHHHHHHHHHHHHHHHHHHHHHHHHHHHHHHTT-,80.3921568627451,0.0
